{"saveName":"Test Save 1","playerX":-0.565216064453125,"playerY":-0.2844763398170471,"playerZ":-8.117851257324219,"playerColour":{"r":0.5369293093681336,"g":0.047058843076229098,"b":0.9137254953384399,"a":1.0},"objectData":[{"objectX":-0.38521608710289,"objectY":-0.2337789535522461,"objectZ":-4.630000114440918,"objectState":false,"objectColour":{"r":0.5369293093681336,"g":0.047058843076229098,"b":0.9137254953384399,"a":1.0}},{"objectX":-5.625216007232666,"objectY":-0.2337789535522461,"objectZ":0.0,"objectState":false,"objectColour":{"r":0.5369293093681336,"g":0.047058843076229098,"b":0.9137254953384399,"a":1.0}}]}