{"saveName":"Test Save 1","playerX":-1.8821029663085938,"playerY":-0.2337789535522461,"playerZ":-2.5921199321746828,"playerColour":{"r":0.08235294371843338,"g":0.4643111228942871,"b":0.8867924213409424,"a":1.0},"objectData":[{"objectX":-0.20999999344348908,"objectY":-0.2337789535522461,"objectZ":-4.630000114440918,"objectState":false,"objectColour":{"r":1.0,"g":0.0,"b":0.02794027328491211,"a":1.0}},{"objectX":1.4299999475479127,"objectY":-0.2337789535522461,"objectZ":0.0,"objectState":false,"objectColour":{"r":0.20334374904632569,"g":1.0,"b":0.0,"a":1.0}}]}