{"saveName":"Test Save 1","playerX":-1.8821029663085938,"playerY":-0.2337789535522461,"playerZ":-2.057851552963257,"playerColour":{"r":0.5369293093681336,"g":0.047058843076229098,"b":0.9137254953384399,"a":1.0},"objectData":[{"objectX":-0.20999999344348908,"objectY":-0.2337789535522461,"objectZ":-4.095731735229492,"objectState":false,"objectColour":{"r":0.5369293093681336,"g":0.047058843076229098,"b":0.9137254953384399,"a":1.0}},{"objectX":1.4299999475479127,"objectY":-0.2337789535522461,"objectZ":0.5342683792114258,"objectState":false,"objectColour":{"r":0.5369293093681336,"g":0.047058843076229098,"b":0.9137254953384399,"a":1.0}}]}